finding,evidence,result,business_implication
Customer tenure is the strongest churn-related numerical factor,Welch's t-test; Cohen's d = -0.8522,Churned customers: 17.98 months average tenure; non-churned customers: 37.57 months,Prioritize retention and engagement during the early stages of the customer lifecycle
Contract type is moderately associated with churn,Chi-Square test; p < 0.001; Cramer's V = 0.4101,Month-to-month customers have substantially higher churn than customers on longer-term contracts,Investigate financially sustainable strategies to encourage migration to longer-term contracts
Internet service is moderately associated with churn,Chi-Square test; p < 0.001; Cramer's V = 0.3225,Fiber optic customers show substantially higher churn than DSL and customers without internet service,"Investigate service quality, pricing, technical issues, and customer expectations among Fiber optic customers"
Payment method is moderately associated with churn,Chi-Square test; p < 0.001; Cramer's V = 0.3034,Electronic check customers show substantially higher churn than customers using other payment methods,"Investigate payment friction, customer characteristics, and pricing among Electronic check customers"
Monthly Charges are associated with churn but have a smaller effect,Welch's t-test; p < 0.001; Cohen's d = 0.4463,Churned customers average 74.44 in Monthly Charges versus 61.27 among non-churned customers,"Consider pricing alongside contract, service, and tenure rather than treating it as a standalone churn explanation"
Total Charges should not be treated as a primary churn driver,Welch's t-test; p < 0.001; Cohen's d = -0.4608,"Total Charges differ significantly between churned and non-churned customers, but the effect is smaller than tenure",Use Total Charges as a measure of customer value and history rather than evidence that accumulated spending causes churn
Monthly Charges differ substantially by Internet Service,One-Way ANOVA; p < 0.001; eta squared = 0.8207,Internet Service explains a large proportion of the variation in Monthly Charges,Interpret pricing differences in the context of the service customers receive
Monthly Charges differ by Payment Method,One-Way ANOVA; p < 0.001; eta squared = 0.1610,Payment Method has a large effect on Monthly Charges,Consider payment structure when evaluating pricing-related churn patterns
Tenure and Total Charges have a strong positive relationship,Pearson r = 0.8259; Spearman rho = 0.8892; p < 0.001,Longer-tenured customers tend to have higher accumulated Total Charges,Total Charges should be interpreted together with tenure rather than as an independent churn factor
